-- ============================================================================
-- Widget Dashboard — Complete Setup Script
-- Generated: 2026-02-24 04:03:33 UTC
--
-- Auto-generated by the Widget Editor 'Sync Seed Script' button.
-- DO NOT EDIT BY HAND — changes will be overwritten on next sync.
--
-- Handles all scenarios:
--   A) Fresh DB — no [widgets] schema
--   B) Prod restore — old schema with [Section] column
--   C) Already migrated — [Workspace] column exists
--
-- Snapshot: 2 categories, 7 widgets, 87 defaults, 0 job overrides
--
-- Prerequisites: reference.JobTypes + dbo.AspNetRoles populated
-- ============================================================================

SET NOCOUNT ON;

-- ════════════════════════════════════════════════════════════
-- BATCH 1: SCHEMA + TABLES + MIGRATION
-- ════════════════════════════════════════════════════════════

IF NOT EXISTS (SELECT 1 FROM sys.schemas WHERE name = 'widgets')
    EXEC('CREATE SCHEMA [widgets] AUTHORIZATION [dbo]');

IF NOT EXISTS (SELECT 1 FROM sys.tables t JOIN sys.schemas s ON t.schema_id = s.schema_id WHERE s.name = 'widgets' AND t.name = 'WidgetCategory')
BEGIN
    CREATE TABLE [widgets].[WidgetCategory] (
        [CategoryId]   INT IDENTITY(1,1) NOT NULL,
        [Name]         NVARCHAR(100)     NOT NULL,
        [Workspace]    NVARCHAR(20)      NOT NULL,
        [Icon]         NVARCHAR(50)      NULL,
        [DefaultOrder] INT               NOT NULL DEFAULT 0,
        CONSTRAINT [PK_widgets_WidgetCategory] PRIMARY KEY CLUSTERED ([CategoryId])
    );
END

IF NOT EXISTS (SELECT 1 FROM sys.tables t JOIN sys.schemas s ON t.schema_id = s.schema_id WHERE s.name = 'widgets' AND t.name = 'Widget')
BEGIN
    CREATE TABLE [widgets].[Widget] (
        [WidgetId]      INT IDENTITY(1,1) NOT NULL,
        [Name]          NVARCHAR(100)     NOT NULL,
        [WidgetType]    NVARCHAR(30)      NOT NULL,
        [ComponentKey]  NVARCHAR(100)     NOT NULL,
        [CategoryId]    INT               NOT NULL,
        [Description]   NVARCHAR(500)     NULL,
        [DefaultConfig] NVARCHAR(MAX)     NULL,
        CONSTRAINT [PK_widgets_Widget] PRIMARY KEY CLUSTERED ([WidgetId]),
        CONSTRAINT [FK_widgets_Widget_CategoryId] FOREIGN KEY ([CategoryId]) REFERENCES [widgets].[WidgetCategory] ([CategoryId]),
        CONSTRAINT [CK_widgets_Widget_WidgetType] CHECK ([WidgetType] IN ('content','chart-tile','status-tile'))
    );
END

IF NOT EXISTS (SELECT 1 FROM sys.tables t JOIN sys.schemas s ON t.schema_id = s.schema_id WHERE s.name = 'widgets' AND t.name = 'WidgetDefault')
BEGIN
    CREATE TABLE [widgets].[WidgetDefault] (
        [WidgetDefaultId] INT IDENTITY(1,1) NOT NULL,
        [JobTypeId]       INT               NOT NULL,
        [RoleId]          NVARCHAR(450)     NOT NULL,
        [WidgetId]        INT               NOT NULL,
        [CategoryId]      INT               NOT NULL,
        [DisplayOrder]    INT               NOT NULL DEFAULT 0,
        [Config]          NVARCHAR(MAX)     NULL,
        CONSTRAINT [PK_widgets_WidgetDefault] PRIMARY KEY CLUSTERED ([WidgetDefaultId]),
        CONSTRAINT [FK_widgets_WidgetDefault_JobTypeId] FOREIGN KEY ([JobTypeId]) REFERENCES [reference].[JobTypes] ([JobTypeId]),
        CONSTRAINT [FK_widgets_WidgetDefault_RoleId] FOREIGN KEY ([RoleId]) REFERENCES [dbo].[AspNetRoles] ([Id]),
        CONSTRAINT [FK_widgets_WidgetDefault_WidgetId] FOREIGN KEY ([WidgetId]) REFERENCES [widgets].[Widget] ([WidgetId]),
        CONSTRAINT [FK_widgets_WidgetDefault_CategoryId] FOREIGN KEY ([CategoryId]) REFERENCES [widgets].[WidgetCategory] ([CategoryId]),
        CONSTRAINT [UQ_widgets_WidgetDefault_JobType_Role_Widget_Category] UNIQUE ([JobTypeId], [RoleId], [WidgetId], [CategoryId])
    );
END

IF NOT EXISTS (SELECT 1 FROM sys.tables t JOIN sys.schemas s ON t.schema_id = s.schema_id WHERE s.name = 'widgets' AND t.name = 'JobWidget')
BEGIN
    CREATE TABLE [widgets].[JobWidget] (
        [JobWidgetId]  INT IDENTITY(1,1)    NOT NULL,
        [JobId]        UNIQUEIDENTIFIER     NOT NULL,
        [WidgetId]     INT                  NOT NULL,
        [RoleId]       NVARCHAR(450)        NOT NULL,
        [CategoryId]   INT                  NOT NULL,
        [DisplayOrder] INT                  NOT NULL DEFAULT 0,
        [IsEnabled]    BIT                  NOT NULL DEFAULT 1,
        [Config]       NVARCHAR(MAX)        NULL,
        CONSTRAINT [PK_widgets_JobWidget] PRIMARY KEY CLUSTERED ([JobWidgetId]),
        CONSTRAINT [FK_widgets_JobWidget_JobId] FOREIGN KEY ([JobId]) REFERENCES [Jobs].[Jobs] ([JobId]),
        CONSTRAINT [FK_widgets_JobWidget_WidgetId] FOREIGN KEY ([WidgetId]) REFERENCES [widgets].[Widget] ([WidgetId]),
        CONSTRAINT [FK_widgets_JobWidget_RoleId] FOREIGN KEY ([RoleId]) REFERENCES [dbo].[AspNetRoles] ([Id]),
        CONSTRAINT [FK_widgets_JobWidget_CategoryId] FOREIGN KEY ([CategoryId]) REFERENCES [widgets].[WidgetCategory] ([CategoryId]),
        CONSTRAINT [UQ_widgets_JobWidget_Job_Widget_Role] UNIQUE ([JobId], [WidgetId], [RoleId])
    );
END

-- Schema migration: Section -> Workspace (prod backup compatibility)
IF EXISTS (SELECT 1 FROM sys.check_constraints WHERE name = 'CK_widgets_WidgetCategory_Section')
    ALTER TABLE [widgets].[WidgetCategory] DROP CONSTRAINT [CK_widgets_WidgetCategory_Section];
IF EXISTS (SELECT 1 FROM sys.check_constraints WHERE name = 'CK_widgets_WidgetCategory_Workspace')
    ALTER TABLE [widgets].[WidgetCategory] DROP CONSTRAINT [CK_widgets_WidgetCategory_Workspace];
IF COL_LENGTH('widgets.WidgetCategory', 'Section') IS NOT NULL AND COL_LENGTH('widgets.WidgetCategory', 'Workspace') IS NULL
    EXEC sp_rename 'widgets.WidgetCategory.Section', 'Workspace', 'COLUMN';

-- Widget table migration: add DefaultConfig column (prod backups won't have it)
IF COL_LENGTH('widgets.Widget', 'DefaultConfig') IS NULL
BEGIN
    ALTER TABLE [widgets].[Widget] ADD [DefaultConfig] NVARCHAR(MAX) NULL;
    PRINT 'Added column: widgets.Widget.DefaultConfig';
END

-- Refresh constraints
IF EXISTS (SELECT 1 FROM sys.indexes WHERE name = 'UQ_widgets_WidgetDefault_JobType_Role_Widget' AND object_id = OBJECT_ID('widgets.WidgetDefault'))
    ALTER TABLE [widgets].[WidgetDefault] DROP CONSTRAINT [UQ_widgets_WidgetDefault_JobType_Role_Widget];
IF NOT EXISTS (SELECT 1 FROM sys.indexes WHERE name = 'UQ_widgets_WidgetDefault_JobType_Role_Widget_Category' AND object_id = OBJECT_ID('widgets.WidgetDefault'))
    ALTER TABLE [widgets].[WidgetDefault] ADD CONSTRAINT [UQ_widgets_WidgetDefault_JobType_Role_Widget_Category] UNIQUE ([JobTypeId], [RoleId], [WidgetId], [CategoryId]);

IF EXISTS (SELECT 1 FROM sys.check_constraints WHERE name = 'CK_widgets_Widget_WidgetType')
    ALTER TABLE [widgets].[Widget] DROP CONSTRAINT [CK_widgets_Widget_WidgetType];
ALTER TABLE [widgets].[Widget] ADD CONSTRAINT [CK_widgets_Widget_WidgetType]
    CHECK ([WidgetType] IN ('content','chart-tile','status-tile'));

PRINT 'Batch 1 complete: schema + tables + migration';
GO

-- ════════════════════════════════════════════════════════════
-- BATCH 2: DATA (exported from dev)
-- ════════════════════════════════════════════════════════════

SET NOCOUNT ON;

IF NOT EXISTS (SELECT 1 FROM sys.check_constraints WHERE name = 'CK_widgets_WidgetCategory_Workspace')
BEGIN
    ALTER TABLE [widgets].[WidgetCategory] ADD CONSTRAINT [CK_widgets_WidgetCategory_Workspace]
        CHECK ([Workspace] IN ('dashboard','public'));
END

-- Clear all widget data (child → parent order)
DELETE FROM widgets.JobWidget;
DELETE FROM widgets.WidgetDefault;
DELETE FROM widgets.Widget;
DELETE FROM widgets.WidgetCategory;

-- ── WidgetCategory ──
SET IDENTITY_INSERT widgets.WidgetCategory ON;
INSERT INTO widgets.WidgetCategory (CategoryId, Name, Workspace, Icon, DefaultOrder)
VALUES (3, N'Dashboard Charts', N'dashboard', NULL, 1);
INSERT INTO widgets.WidgetCategory (CategoryId, Name, Workspace, Icon, DefaultOrder)
VALUES (1, N'Public Content', N'public', NULL, 0);
SET IDENTITY_INSERT widgets.WidgetCategory OFF;
PRINT 'Loaded 2 categories';

-- ── Widget ──
SET IDENTITY_INSERT widgets.Widget ON;
INSERT INTO widgets.Widget (WidgetId, Name, WidgetType, ComponentKey, CategoryId, Description, DefaultConfig)
VALUES (5, N'Age Group Distribution', N'chart-tile', N'agegroup-distribution', 3, N'Player and team counts broken down by age group', NULL);
INSERT INTO widgets.Widget (WidgetId, Name, WidgetType, ComponentKey, CategoryId, Description, DefaultConfig)
VALUES (3, N'Player Registration Trend', N'chart-tile', N'player-trend-chart', 3, N'Daily player registration counts and cumulative revenue over time', NULL);
INSERT INTO widgets.Widget (WidgetId, Name, WidgetType, ComponentKey, CategoryId, Description, DefaultConfig)
VALUES (4, N'Team Registration Trend', N'chart-tile', N'team-trend-chart', 3, N'Daily team registration counts and cumulative revenue over time', NULL);
INSERT INTO widgets.Widget (WidgetId, Name, WidgetType, ComponentKey, CategoryId, Description, DefaultConfig)
VALUES (23, N'Year-over-Year Comparison', N'chart-tile', N'year-over-year', 3, N'Registration comparison between current and prior year', N'{"label":"Year-over-Year Comparison","icon":"bi-arrow-repeat"}');
INSERT INTO widgets.Widget (WidgetId, Name, WidgetType, ComponentKey, CategoryId, Description, DefaultConfig)
VALUES (2, N'Bulletins', N'content', N'bulletins', 1, N'Active job bulletins and announcements', N'{"displayStyle":"feed"}');
INSERT INTO widgets.Widget (WidgetId, Name, WidgetType, ComponentKey, CategoryId, Description, DefaultConfig)
VALUES (1, N'Client Banner', N'content', N'client-banner', 1, N'Job banner with logo and images', N'{"displayStyle":"banner"}');
INSERT INTO widgets.Widget (WidgetId, Name, WidgetType, ComponentKey, CategoryId, Description, DefaultConfig)
VALUES (21, N'Event Contact', N'content', N'event-contact', 1, NULL, N'{"label":"Event Contact","icon":"bi-person-fill","displayStyle":"block"}');
SET IDENTITY_INSERT widgets.Widget OFF;
PRINT 'Loaded 7 widgets';

-- ── WidgetDefault ──
SET IDENTITY_INSERT widgets.WidgetDefault ON;
INSERT INTO widgets.WidgetDefault (WidgetDefaultId, JobTypeId, RoleId, WidgetId, CategoryId, DisplayOrder, Config)
VALUES (1, 0, N'CBF3F384-190F-4962-BF58-40B095628DC8', 1, 1, 1, NULL);
INSERT INTO widgets.WidgetDefault (WidgetDefaultId, JobTypeId, RoleId, WidgetId, CategoryId, DisplayOrder, Config)
VALUES (2, 1, N'CBF3F384-190F-4962-BF58-40B095628DC8', 1, 1, 1, NULL);
INSERT INTO widgets.WidgetDefault (WidgetDefaultId, JobTypeId, RoleId, WidgetId, CategoryId, DisplayOrder, Config)
VALUES (3, 2, N'CBF3F384-190F-4962-BF58-40B095628DC8', 1, 1, 1, NULL);
INSERT INTO widgets.WidgetDefault (WidgetDefaultId, JobTypeId, RoleId, WidgetId, CategoryId, DisplayOrder, Config)
VALUES (4, 3, N'CBF3F384-190F-4962-BF58-40B095628DC8', 1, 1, 1, NULL);
INSERT INTO widgets.WidgetDefault (WidgetDefaultId, JobTypeId, RoleId, WidgetId, CategoryId, DisplayOrder, Config)
VALUES (5, 4, N'CBF3F384-190F-4962-BF58-40B095628DC8', 1, 1, 1, NULL);
INSERT INTO widgets.WidgetDefault (WidgetDefaultId, JobTypeId, RoleId, WidgetId, CategoryId, DisplayOrder, Config)
VALUES (6, 5, N'CBF3F384-190F-4962-BF58-40B095628DC8', 1, 1, 1, NULL);
INSERT INTO widgets.WidgetDefault (WidgetDefaultId, JobTypeId, RoleId, WidgetId, CategoryId, DisplayOrder, Config)
VALUES (7, 6, N'CBF3F384-190F-4962-BF58-40B095628DC8', 1, 1, 1, NULL);
INSERT INTO widgets.WidgetDefault (WidgetDefaultId, JobTypeId, RoleId, WidgetId, CategoryId, DisplayOrder, Config)
VALUES (8, 0, N'CBF3F384-190F-4962-BF58-40B095628DC8', 2, 1, 2, NULL);
INSERT INTO widgets.WidgetDefault (WidgetDefaultId, JobTypeId, RoleId, WidgetId, CategoryId, DisplayOrder, Config)
VALUES (9, 1, N'CBF3F384-190F-4962-BF58-40B095628DC8', 2, 1, 2, NULL);
INSERT INTO widgets.WidgetDefault (WidgetDefaultId, JobTypeId, RoleId, WidgetId, CategoryId, DisplayOrder, Config)
VALUES (10, 2, N'CBF3F384-190F-4962-BF58-40B095628DC8', 2, 1, 2, NULL);
INSERT INTO widgets.WidgetDefault (WidgetDefaultId, JobTypeId, RoleId, WidgetId, CategoryId, DisplayOrder, Config)
VALUES (11, 3, N'CBF3F384-190F-4962-BF58-40B095628DC8', 2, 1, 2, NULL);
INSERT INTO widgets.WidgetDefault (WidgetDefaultId, JobTypeId, RoleId, WidgetId, CategoryId, DisplayOrder, Config)
VALUES (12, 4, N'CBF3F384-190F-4962-BF58-40B095628DC8', 2, 1, 2, NULL);
INSERT INTO widgets.WidgetDefault (WidgetDefaultId, JobTypeId, RoleId, WidgetId, CategoryId, DisplayOrder, Config)
VALUES (13, 5, N'CBF3F384-190F-4962-BF58-40B095628DC8', 2, 1, 2, NULL);
INSERT INTO widgets.WidgetDefault (WidgetDefaultId, JobTypeId, RoleId, WidgetId, CategoryId, DisplayOrder, Config)
VALUES (14, 6, N'CBF3F384-190F-4962-BF58-40B095628DC8', 2, 1, 2, NULL);
INSERT INTO widgets.WidgetDefault (WidgetDefaultId, JobTypeId, RoleId, WidgetId, CategoryId, DisplayOrder, Config)
VALUES (15, 0, N'CD9DC8D7-19A0-47C3-A3E5-ACB19FB90DA9', 3, 3, 1, NULL);
INSERT INTO widgets.WidgetDefault (WidgetDefaultId, JobTypeId, RoleId, WidgetId, CategoryId, DisplayOrder, Config)
VALUES (16, 1, N'CD9DC8D7-19A0-47C3-A3E5-ACB19FB90DA9', 3, 3, 1, NULL);
INSERT INTO widgets.WidgetDefault (WidgetDefaultId, JobTypeId, RoleId, WidgetId, CategoryId, DisplayOrder, Config)
VALUES (17, 2, N'CD9DC8D7-19A0-47C3-A3E5-ACB19FB90DA9', 3, 3, 1, NULL);
INSERT INTO widgets.WidgetDefault (WidgetDefaultId, JobTypeId, RoleId, WidgetId, CategoryId, DisplayOrder, Config)
VALUES (18, 3, N'CD9DC8D7-19A0-47C3-A3E5-ACB19FB90DA9', 3, 3, 1, NULL);
INSERT INTO widgets.WidgetDefault (WidgetDefaultId, JobTypeId, RoleId, WidgetId, CategoryId, DisplayOrder, Config)
VALUES (19, 4, N'CD9DC8D7-19A0-47C3-A3E5-ACB19FB90DA9', 3, 3, 1, NULL);
INSERT INTO widgets.WidgetDefault (WidgetDefaultId, JobTypeId, RoleId, WidgetId, CategoryId, DisplayOrder, Config)
VALUES (20, 5, N'CD9DC8D7-19A0-47C3-A3E5-ACB19FB90DA9', 3, 3, 1, NULL);
INSERT INTO widgets.WidgetDefault (WidgetDefaultId, JobTypeId, RoleId, WidgetId, CategoryId, DisplayOrder, Config)
VALUES (21, 6, N'CD9DC8D7-19A0-47C3-A3E5-ACB19FB90DA9', 3, 3, 1, NULL);
INSERT INTO widgets.WidgetDefault (WidgetDefaultId, JobTypeId, RoleId, WidgetId, CategoryId, DisplayOrder, Config)
VALUES (22, 0, N'7B9EB503-53C9-44FA-94A0-17760C512440', 3, 3, 1, NULL);
INSERT INTO widgets.WidgetDefault (WidgetDefaultId, JobTypeId, RoleId, WidgetId, CategoryId, DisplayOrder, Config)
VALUES (23, 1, N'7B9EB503-53C9-44FA-94A0-17760C512440', 3, 3, 1, NULL);
INSERT INTO widgets.WidgetDefault (WidgetDefaultId, JobTypeId, RoleId, WidgetId, CategoryId, DisplayOrder, Config)
VALUES (24, 2, N'7B9EB503-53C9-44FA-94A0-17760C512440', 3, 3, 1, NULL);
INSERT INTO widgets.WidgetDefault (WidgetDefaultId, JobTypeId, RoleId, WidgetId, CategoryId, DisplayOrder, Config)
VALUES (25, 3, N'7B9EB503-53C9-44FA-94A0-17760C512440', 3, 3, 1, NULL);
INSERT INTO widgets.WidgetDefault (WidgetDefaultId, JobTypeId, RoleId, WidgetId, CategoryId, DisplayOrder, Config)
VALUES (26, 4, N'7B9EB503-53C9-44FA-94A0-17760C512440', 3, 3, 1, NULL);
INSERT INTO widgets.WidgetDefault (WidgetDefaultId, JobTypeId, RoleId, WidgetId, CategoryId, DisplayOrder, Config)
VALUES (27, 5, N'7B9EB503-53C9-44FA-94A0-17760C512440', 3, 3, 1, NULL);
INSERT INTO widgets.WidgetDefault (WidgetDefaultId, JobTypeId, RoleId, WidgetId, CategoryId, DisplayOrder, Config)
VALUES (28, 6, N'7B9EB503-53C9-44FA-94A0-17760C512440', 3, 3, 1, NULL);
INSERT INTO widgets.WidgetDefault (WidgetDefaultId, JobTypeId, RoleId, WidgetId, CategoryId, DisplayOrder, Config)
VALUES (29, 0, N'FF4D1C27-F6DA-4745-98CC-D7E8121A5D06', 3, 3, 1, NULL);
INSERT INTO widgets.WidgetDefault (WidgetDefaultId, JobTypeId, RoleId, WidgetId, CategoryId, DisplayOrder, Config)
VALUES (30, 1, N'FF4D1C27-F6DA-4745-98CC-D7E8121A5D06', 3, 3, 1, NULL);
INSERT INTO widgets.WidgetDefault (WidgetDefaultId, JobTypeId, RoleId, WidgetId, CategoryId, DisplayOrder, Config)
VALUES (31, 2, N'FF4D1C27-F6DA-4745-98CC-D7E8121A5D06', 3, 3, 1, NULL);
INSERT INTO widgets.WidgetDefault (WidgetDefaultId, JobTypeId, RoleId, WidgetId, CategoryId, DisplayOrder, Config)
VALUES (32, 3, N'FF4D1C27-F6DA-4745-98CC-D7E8121A5D06', 3, 3, 1, NULL);
INSERT INTO widgets.WidgetDefault (WidgetDefaultId, JobTypeId, RoleId, WidgetId, CategoryId, DisplayOrder, Config)
VALUES (33, 4, N'FF4D1C27-F6DA-4745-98CC-D7E8121A5D06', 3, 3, 1, NULL);
INSERT INTO widgets.WidgetDefault (WidgetDefaultId, JobTypeId, RoleId, WidgetId, CategoryId, DisplayOrder, Config)
VALUES (34, 5, N'FF4D1C27-F6DA-4745-98CC-D7E8121A5D06', 3, 3, 1, NULL);
INSERT INTO widgets.WidgetDefault (WidgetDefaultId, JobTypeId, RoleId, WidgetId, CategoryId, DisplayOrder, Config)
VALUES (35, 6, N'FF4D1C27-F6DA-4745-98CC-D7E8121A5D06', 3, 3, 1, NULL);
INSERT INTO widgets.WidgetDefault (WidgetDefaultId, JobTypeId, RoleId, WidgetId, CategoryId, DisplayOrder, Config)
VALUES (36, 0, N'CD9DC8D7-19A0-47C3-A3E5-ACB19FB90DA9', 4, 3, 2, NULL);
INSERT INTO widgets.WidgetDefault (WidgetDefaultId, JobTypeId, RoleId, WidgetId, CategoryId, DisplayOrder, Config)
VALUES (37, 1, N'CD9DC8D7-19A0-47C3-A3E5-ACB19FB90DA9', 4, 3, 2, NULL);
INSERT INTO widgets.WidgetDefault (WidgetDefaultId, JobTypeId, RoleId, WidgetId, CategoryId, DisplayOrder, Config)
VALUES (38, 2, N'CD9DC8D7-19A0-47C3-A3E5-ACB19FB90DA9', 4, 3, 2, NULL);
INSERT INTO widgets.WidgetDefault (WidgetDefaultId, JobTypeId, RoleId, WidgetId, CategoryId, DisplayOrder, Config)
VALUES (39, 3, N'CD9DC8D7-19A0-47C3-A3E5-ACB19FB90DA9', 4, 3, 2, NULL);
INSERT INTO widgets.WidgetDefault (WidgetDefaultId, JobTypeId, RoleId, WidgetId, CategoryId, DisplayOrder, Config)
VALUES (40, 4, N'CD9DC8D7-19A0-47C3-A3E5-ACB19FB90DA9', 4, 3, 2, NULL);
INSERT INTO widgets.WidgetDefault (WidgetDefaultId, JobTypeId, RoleId, WidgetId, CategoryId, DisplayOrder, Config)
VALUES (41, 5, N'CD9DC8D7-19A0-47C3-A3E5-ACB19FB90DA9', 4, 3, 2, NULL);
INSERT INTO widgets.WidgetDefault (WidgetDefaultId, JobTypeId, RoleId, WidgetId, CategoryId, DisplayOrder, Config)
VALUES (42, 6, N'CD9DC8D7-19A0-47C3-A3E5-ACB19FB90DA9', 4, 3, 2, NULL);
INSERT INTO widgets.WidgetDefault (WidgetDefaultId, JobTypeId, RoleId, WidgetId, CategoryId, DisplayOrder, Config)
VALUES (43, 0, N'7B9EB503-53C9-44FA-94A0-17760C512440', 4, 3, 2, NULL);
INSERT INTO widgets.WidgetDefault (WidgetDefaultId, JobTypeId, RoleId, WidgetId, CategoryId, DisplayOrder, Config)
VALUES (44, 1, N'7B9EB503-53C9-44FA-94A0-17760C512440', 4, 3, 2, NULL);
INSERT INTO widgets.WidgetDefault (WidgetDefaultId, JobTypeId, RoleId, WidgetId, CategoryId, DisplayOrder, Config)
VALUES (45, 2, N'7B9EB503-53C9-44FA-94A0-17760C512440', 4, 3, 2, NULL);
INSERT INTO widgets.WidgetDefault (WidgetDefaultId, JobTypeId, RoleId, WidgetId, CategoryId, DisplayOrder, Config)
VALUES (46, 3, N'7B9EB503-53C9-44FA-94A0-17760C512440', 4, 3, 2, NULL);
INSERT INTO widgets.WidgetDefault (WidgetDefaultId, JobTypeId, RoleId, WidgetId, CategoryId, DisplayOrder, Config)
VALUES (47, 4, N'7B9EB503-53C9-44FA-94A0-17760C512440', 4, 3, 2, NULL);
INSERT INTO widgets.WidgetDefault (WidgetDefaultId, JobTypeId, RoleId, WidgetId, CategoryId, DisplayOrder, Config)
VALUES (48, 5, N'7B9EB503-53C9-44FA-94A0-17760C512440', 4, 3, 2, NULL);
INSERT INTO widgets.WidgetDefault (WidgetDefaultId, JobTypeId, RoleId, WidgetId, CategoryId, DisplayOrder, Config)
VALUES (49, 6, N'7B9EB503-53C9-44FA-94A0-17760C512440', 4, 3, 2, NULL);
INSERT INTO widgets.WidgetDefault (WidgetDefaultId, JobTypeId, RoleId, WidgetId, CategoryId, DisplayOrder, Config)
VALUES (50, 0, N'FF4D1C27-F6DA-4745-98CC-D7E8121A5D06', 4, 3, 2, NULL);
INSERT INTO widgets.WidgetDefault (WidgetDefaultId, JobTypeId, RoleId, WidgetId, CategoryId, DisplayOrder, Config)
VALUES (51, 1, N'FF4D1C27-F6DA-4745-98CC-D7E8121A5D06', 4, 3, 2, NULL);
INSERT INTO widgets.WidgetDefault (WidgetDefaultId, JobTypeId, RoleId, WidgetId, CategoryId, DisplayOrder, Config)
VALUES (52, 2, N'FF4D1C27-F6DA-4745-98CC-D7E8121A5D06', 4, 3, 2, NULL);
INSERT INTO widgets.WidgetDefault (WidgetDefaultId, JobTypeId, RoleId, WidgetId, CategoryId, DisplayOrder, Config)
VALUES (53, 3, N'FF4D1C27-F6DA-4745-98CC-D7E8121A5D06', 4, 3, 2, NULL);
INSERT INTO widgets.WidgetDefault (WidgetDefaultId, JobTypeId, RoleId, WidgetId, CategoryId, DisplayOrder, Config)
VALUES (54, 4, N'FF4D1C27-F6DA-4745-98CC-D7E8121A5D06', 4, 3, 2, NULL);
INSERT INTO widgets.WidgetDefault (WidgetDefaultId, JobTypeId, RoleId, WidgetId, CategoryId, DisplayOrder, Config)
VALUES (55, 5, N'FF4D1C27-F6DA-4745-98CC-D7E8121A5D06', 4, 3, 2, NULL);
INSERT INTO widgets.WidgetDefault (WidgetDefaultId, JobTypeId, RoleId, WidgetId, CategoryId, DisplayOrder, Config)
VALUES (56, 6, N'FF4D1C27-F6DA-4745-98CC-D7E8121A5D06', 4, 3, 2, NULL);
INSERT INTO widgets.WidgetDefault (WidgetDefaultId, JobTypeId, RoleId, WidgetId, CategoryId, DisplayOrder, Config)
VALUES (57, 0, N'CD9DC8D7-19A0-47C3-A3E5-ACB19FB90DA9', 5, 3, 3, NULL);
INSERT INTO widgets.WidgetDefault (WidgetDefaultId, JobTypeId, RoleId, WidgetId, CategoryId, DisplayOrder, Config)
VALUES (58, 1, N'CD9DC8D7-19A0-47C3-A3E5-ACB19FB90DA9', 5, 3, 3, NULL);
INSERT INTO widgets.WidgetDefault (WidgetDefaultId, JobTypeId, RoleId, WidgetId, CategoryId, DisplayOrder, Config)
VALUES (59, 2, N'CD9DC8D7-19A0-47C3-A3E5-ACB19FB90DA9', 5, 3, 3, NULL);
INSERT INTO widgets.WidgetDefault (WidgetDefaultId, JobTypeId, RoleId, WidgetId, CategoryId, DisplayOrder, Config)
VALUES (60, 3, N'CD9DC8D7-19A0-47C3-A3E5-ACB19FB90DA9', 5, 3, 3, NULL);
INSERT INTO widgets.WidgetDefault (WidgetDefaultId, JobTypeId, RoleId, WidgetId, CategoryId, DisplayOrder, Config)
VALUES (61, 4, N'CD9DC8D7-19A0-47C3-A3E5-ACB19FB90DA9', 5, 3, 3, NULL);
INSERT INTO widgets.WidgetDefault (WidgetDefaultId, JobTypeId, RoleId, WidgetId, CategoryId, DisplayOrder, Config)
VALUES (62, 5, N'CD9DC8D7-19A0-47C3-A3E5-ACB19FB90DA9', 5, 3, 3, NULL);
INSERT INTO widgets.WidgetDefault (WidgetDefaultId, JobTypeId, RoleId, WidgetId, CategoryId, DisplayOrder, Config)
VALUES (63, 6, N'CD9DC8D7-19A0-47C3-A3E5-ACB19FB90DA9', 5, 3, 3, NULL);
INSERT INTO widgets.WidgetDefault (WidgetDefaultId, JobTypeId, RoleId, WidgetId, CategoryId, DisplayOrder, Config)
VALUES (64, 0, N'7B9EB503-53C9-44FA-94A0-17760C512440', 5, 3, 3, NULL);
INSERT INTO widgets.WidgetDefault (WidgetDefaultId, JobTypeId, RoleId, WidgetId, CategoryId, DisplayOrder, Config)
VALUES (65, 1, N'7B9EB503-53C9-44FA-94A0-17760C512440', 5, 3, 3, NULL);
INSERT INTO widgets.WidgetDefault (WidgetDefaultId, JobTypeId, RoleId, WidgetId, CategoryId, DisplayOrder, Config)
VALUES (66, 2, N'7B9EB503-53C9-44FA-94A0-17760C512440', 5, 3, 3, NULL);
INSERT INTO widgets.WidgetDefault (WidgetDefaultId, JobTypeId, RoleId, WidgetId, CategoryId, DisplayOrder, Config)
VALUES (67, 3, N'7B9EB503-53C9-44FA-94A0-17760C512440', 5, 3, 3, NULL);
INSERT INTO widgets.WidgetDefault (WidgetDefaultId, JobTypeId, RoleId, WidgetId, CategoryId, DisplayOrder, Config)
VALUES (68, 4, N'7B9EB503-53C9-44FA-94A0-17760C512440', 5, 3, 3, NULL);
INSERT INTO widgets.WidgetDefault (WidgetDefaultId, JobTypeId, RoleId, WidgetId, CategoryId, DisplayOrder, Config)
VALUES (69, 5, N'7B9EB503-53C9-44FA-94A0-17760C512440', 5, 3, 3, NULL);
INSERT INTO widgets.WidgetDefault (WidgetDefaultId, JobTypeId, RoleId, WidgetId, CategoryId, DisplayOrder, Config)
VALUES (70, 6, N'7B9EB503-53C9-44FA-94A0-17760C512440', 5, 3, 3, NULL);
INSERT INTO widgets.WidgetDefault (WidgetDefaultId, JobTypeId, RoleId, WidgetId, CategoryId, DisplayOrder, Config)
VALUES (71, 0, N'FF4D1C27-F6DA-4745-98CC-D7E8121A5D06', 5, 3, 3, NULL);
INSERT INTO widgets.WidgetDefault (WidgetDefaultId, JobTypeId, RoleId, WidgetId, CategoryId, DisplayOrder, Config)
VALUES (72, 1, N'FF4D1C27-F6DA-4745-98CC-D7E8121A5D06', 5, 3, 3, NULL);
INSERT INTO widgets.WidgetDefault (WidgetDefaultId, JobTypeId, RoleId, WidgetId, CategoryId, DisplayOrder, Config)
VALUES (73, 2, N'FF4D1C27-F6DA-4745-98CC-D7E8121A5D06', 5, 3, 3, NULL);
INSERT INTO widgets.WidgetDefault (WidgetDefaultId, JobTypeId, RoleId, WidgetId, CategoryId, DisplayOrder, Config)
VALUES (74, 3, N'FF4D1C27-F6DA-4745-98CC-D7E8121A5D06', 5, 3, 3, NULL);
INSERT INTO widgets.WidgetDefault (WidgetDefaultId, JobTypeId, RoleId, WidgetId, CategoryId, DisplayOrder, Config)
VALUES (75, 4, N'FF4D1C27-F6DA-4745-98CC-D7E8121A5D06', 5, 3, 3, NULL);
INSERT INTO widgets.WidgetDefault (WidgetDefaultId, JobTypeId, RoleId, WidgetId, CategoryId, DisplayOrder, Config)
VALUES (76, 5, N'FF4D1C27-F6DA-4745-98CC-D7E8121A5D06', 5, 3, 3, NULL);
INSERT INTO widgets.WidgetDefault (WidgetDefaultId, JobTypeId, RoleId, WidgetId, CategoryId, DisplayOrder, Config)
VALUES (77, 6, N'FF4D1C27-F6DA-4745-98CC-D7E8121A5D06', 5, 3, 3, NULL);
INSERT INTO widgets.WidgetDefault (WidgetDefaultId, JobTypeId, RoleId, WidgetId, CategoryId, DisplayOrder, Config)
VALUES (470, 4, N'CBF3F384-190F-4962-BF58-40B095628DC8', 21, 1, 3, N'{"label":"Event Contact","icon":"bi-person-fill","displayStyle":"block"}');
INSERT INTO widgets.WidgetDefault (WidgetDefaultId, JobTypeId, RoleId, WidgetId, CategoryId, DisplayOrder, Config)
VALUES (471, 1, N'CBF3F384-190F-4962-BF58-40B095628DC8', 21, 1, 3, N'{"label":"Event Contact","icon":"bi-person-fill","displayStyle":"block"}');
INSERT INTO widgets.WidgetDefault (WidgetDefaultId, JobTypeId, RoleId, WidgetId, CategoryId, DisplayOrder, Config)
VALUES (472, 0, N'CBF3F384-190F-4962-BF58-40B095628DC8', 21, 1, 3, N'{"label":"Event Contact","icon":"bi-person-fill","displayStyle":"block"}');
INSERT INTO widgets.WidgetDefault (WidgetDefaultId, JobTypeId, RoleId, WidgetId, CategoryId, DisplayOrder, Config)
VALUES (473, 3, N'CBF3F384-190F-4962-BF58-40B095628DC8', 21, 1, 3, N'{"label":"Event Contact","icon":"bi-person-fill","displayStyle":"block"}');
INSERT INTO widgets.WidgetDefault (WidgetDefaultId, JobTypeId, RoleId, WidgetId, CategoryId, DisplayOrder, Config)
VALUES (474, 5, N'CBF3F384-190F-4962-BF58-40B095628DC8', 21, 1, 3, N'{"label":"Event Contact","icon":"bi-person-fill","displayStyle":"block"}');
INSERT INTO widgets.WidgetDefault (WidgetDefaultId, JobTypeId, RoleId, WidgetId, CategoryId, DisplayOrder, Config)
VALUES (475, 6, N'CBF3F384-190F-4962-BF58-40B095628DC8', 21, 1, 3, N'{"label":"Event Contact","icon":"bi-person-fill","displayStyle":"block"}');
INSERT INTO widgets.WidgetDefault (WidgetDefaultId, JobTypeId, RoleId, WidgetId, CategoryId, DisplayOrder, Config)
VALUES (476, 2, N'CBF3F384-190F-4962-BF58-40B095628DC8', 21, 1, 3, N'{"label":"Event Contact","icon":"bi-person-fill","displayStyle":"block"}');
INSERT INTO widgets.WidgetDefault (WidgetDefaultId, JobTypeId, RoleId, WidgetId, CategoryId, DisplayOrder, Config)
VALUES (477, 1, N'FF4D1C27-F6DA-4745-98CC-D7E8121A5D06', 23, 3, 4, N'{"label":"Year-over-Year Comparison","icon":"bi-arrow-repeat"}');
INSERT INTO widgets.WidgetDefault (WidgetDefaultId, JobTypeId, RoleId, WidgetId, CategoryId, DisplayOrder, Config)
VALUES (478, 1, N'7B9EB503-53C9-44FA-94A0-17760C512440', 23, 3, 4, N'{"label":"Year-over-Year Comparison","icon":"bi-arrow-repeat"}');
INSERT INTO widgets.WidgetDefault (WidgetDefaultId, JobTypeId, RoleId, WidgetId, CategoryId, DisplayOrder, Config)
VALUES (479, 1, N'CD9DC8D7-19A0-47C3-A3E5-ACB19FB90DA9', 23, 3, 4, N'{"label":"Year-over-Year Comparison","icon":"bi-arrow-repeat"}');
SET IDENTITY_INSERT widgets.WidgetDefault OFF;
PRINT 'Loaded 87 defaults';

PRINT 'Loaded 0 job overrides';

-- ── Verification ──
PRINT '';
PRINT '================================================';
PRINT ' Widget Dashboard Setup — Complete';
PRINT '================================================';

SELECT 'Categories' AS [Table], COUNT(*) AS [Count] FROM widgets.WidgetCategory
UNION ALL SELECT 'Widgets', COUNT(*) FROM widgets.Widget
UNION ALL SELECT 'Defaults', COUNT(*) FROM widgets.WidgetDefault
UNION ALL SELECT 'JobWidgets', COUNT(*) FROM widgets.JobWidget;

SET NOCOUNT OFF;
